<?xml version="1.0" encoding="UTF-8"?>
<metadata xml:lang="en"><Esri><CreaDate>20220309</CreaDate><CreaTime>17025500</CreaTime><ArcGISFormat>1.0</ArcGISFormat><SyncOnce>TRUE</SyncOnce><DataProperties><lineage><Process ToolSource="c:\program files\arcgis\pro\Resources\ArcToolbox\toolboxes\Conversion Tools.tbx\JSONToFeatures" Date="20220309" Time="170255">JSONToFeatures "O:\CODS\Countries\RUS\RUS 2022_03_09 UNHCR\RUS_polbnd_int_1m_a_unhcr.geojson" "O:\CODS\Countries\RUS\RUS 2022_03_09 FIS\RUSADM0.shp" Polygon</Process><Process ToolSource="c:\program files (x86)\arcgis\desktop10.8\ArcToolbox\Toolboxes\Data Management Tools.tbx\CalculateField" Date="20220309" Time="170731">CalculateField RUSADM0 ADM0_EN "Russian Federation" VB #</Process><Process ToolSource="c:\program files (x86)\arcgis\desktop10.8\ArcToolbox\Toolboxes\Data Management Tools.tbx\CalculateField" Date="20220309" Time="170818">CalculateField RUSADM0 ADM0_PCODE "20RUS" VB #</Process><Process ToolSource="c:\program files\arcgis\pro\Resources\ArcToolbox\toolboxes\Conversion Tools.tbx\FeatureClassToFeatureClass" Date="20220315" Time="174919">FeatureClassToFeatureClass rus_admbnda_adm0_gadm_2022 "O:\CODS\Countries\RUS\RUS 2022_03_15 FIS\rus_adm_gadm_2022_v02" rus_admbnda_adm0_gadm_2022_v02.shp # "ADM0_EN "ADM0_EN" true true false 50 Text 0 0,First,#,rus_admbnda_adm0_gadm_2022,ADM0_EN,0,50;ADM0_PCODE "ADM0_PCODE" true true false 50 Text 0 0,First,#,rus_admbnda_adm0_gadm_2022,ADM0_PCODE,0,50" #</Process><Process ToolSource="c:\program files\arcgis\pro\Resources\ArcToolbox\toolboxes\Data Management Tools.tbx\UpdateSchema" Date="20220315" Time="175003">UpdateSchema "CIMDATA=&lt;CIMStandardDataConnection xsi:type='typens:CIMStandardDataConnection' xmlns:xsi='http://www.w3.org/2001/XMLSchema-instance' xmlns:xs='http://www.w3.org/2001/XMLSchema' xmlns:typens='http://www.esri.com/schemas/ArcGIS/2.9.0'&gt;&lt;WorkspaceConnectionString&gt;DATABASE=O:\CODS\Countries\RUS\RUS 2022_03_15 FIS\rus_adm_gadm_2022_v02&lt;/WorkspaceConnectionString&gt;&lt;WorkspaceFactory&gt;Shapefile&lt;/WorkspaceFactory&gt;&lt;Dataset&gt;rus_admbnda_adm0_gadm_2022_v02&lt;/Dataset&gt;&lt;DatasetType&gt;esriDTFeatureClass&lt;/DatasetType&gt;&lt;/CIMStandardDataConnection&gt;" &lt;operationSequence&gt;&lt;workflow&gt;&lt;AddField&gt;&lt;field_name&gt;UNHCR_code&lt;/field_name&gt;&lt;field_type&gt;TEXT&lt;/field_type&gt;&lt;field_length&gt;255&lt;/field_length&gt;&lt;field_is_nullable&gt;False&lt;/field_is_nullable&gt;&lt;field_is_required&gt;False&lt;/field_is_required&gt;&lt;/AddField&gt;&lt;/workflow&gt;&lt;/operationSequence&gt;</Process><Process ToolSource="c:\program files\arcgis\pro\Resources\ArcToolbox\toolboxes\Data Management Tools.tbx\CalculateField" Date="20220315" Time="175016">CalculateField rus_admbnda_adm0_gadm_2022_v02 UNHCR_code !ADM0_PCODE! "Python 3" # Text NO_ENFORCE_DOMAINS</Process><Process ToolSource="c:\program files\arcgis\pro\Resources\ArcToolbox\toolboxes\Data Management Tools.tbx\CalculateField" Date="20220315" Time="175029">CalculateField rus_admbnda_adm0_gadm_2022_v02 ADM0_PCODE "RU" "Python 3" # Text NO_ENFORCE_DOMAINS</Process><Process ToolSource="c:\program files\arcgis\pro\Resources\ArcToolbox\toolboxes\Conversion Tools.tbx\FeatureClassToFeatureClass" Date="20220321" Time="153024">FeatureClassToFeatureClass rus_admbnda_adm0_gadm_2022_v02 "O:\CODS\Countries\RUS\RUS 2022_03_21 FIS" rus_admbnda_adm0_gadm_2022_v02.shp # "ADM0_EN "ADM0_EN" true true false 50 Text 0 0,First,#,rus_admbnda_adm0_gadm_2022_v02,ADM0_EN,0,50;ADM0_PCODE "ADM0_PCODE" true true false 50 Text 0 0,First,#,rus_admbnda_adm0_gadm_2022_v02,ADM0_PCODE,0,50;UNHCR_code "UNHCR_code" true true false 254 Text 0 0,First,#,rus_admbnda_adm0_gadm_2022_v02,UNHCR_code,0,254" #</Process></lineage></DataProperties></Esri></metadata>
